Activity 0,Formation 1
Activity 1,Formation 1
Activity 2,Formation 2
Activity 3,Formation 2
Activity 4,Formation 3
Activity 0,Formation 1
Activity 1,Formation 1
Activity 2,Formation 2
Activity 3,Formation 2
Activity 4,Formation 3
Activity 0,Formation 1
Activity 1,Formation 1
Activity 2,Formation 2
Activity 3,Formation 2
Activity 4,Formation 3
Activity 0,Formation 1
Activity 1,Formation 1
Activity 2,Formation 2
Activity 3,Formation 2
Activity 4,Formation 3
Activity 0,Formation 1
Activity 1,Formation 1
Activity 2,Formation 2
Activity 3,Formation 2
Activity 4,Formation 3
Activity 0,Formation 1
Activity 1,Formation 1
Activity 2,Formation 2
Activity 3,Formation 2
Activity 4,Formation 3
Activity 0,Formation 1
Activity 1,Formation 1
Activity 2,Formation 2
Activity 3,Formation 2
Activity 4,Formation 3
Activity 0,Formation 1
Activity 1,Formation 1
Activity 2,Formation 2
Activity 3,Formation 2
Activity 4,Formation 3
Activity 0,Formation 1
Activity 1,Formation 1
Activity 2,Formation 2
Activity 3,Formation 2
Activity 4,Formation 3
Activity 0,Formation 1
Activity 1,Formation 1
Activity 2,Formation 2
Activity 3,Formation 2
Activity 4,Formation 3
Activity 0,Formation 1
Activity 1,Formation 1
Activity 2,Formation 2
Activity 3,Formation 2
Activity 4,Formation 3
Activity 0,Formation 1
Activity 1,Formation 1
Activity 2,Formation 2
Activity 3,Formation 2
Activity 4,Formation 3
Activity 0,Formation 1
Activity 1,Formation 1
Activity 2,Formation 2
Activity 3,Formation 2
Activity 4,Formation 3
Activity 0,Formation 1
Activity 1,Formation 1
Activity 2,Formation 2
Activity 3,Formation 2
Activity 4,Formation 3
Activity 0,Formation 1
Activity 1,Formation 1
Activity 2,Formation 2
Activity 3,Formation 2
Activity 4,Formation 3
Activity 0,Formation 1
Activity 1,Formation 1
Activity 2,Formation 2
Activity 3,Formation 2
Activity 4,Formation 3
Activity 0,Formation 1
Activity 1,Formation 1
Activity 2,Formation 2
Activity 3,Formation 2
Activity 4,Formation 3
Activity 0,Formation 1
Activity 1,Formation 1
Activity 2,Formation 2
Activity 3,Formation 2
Activity 4,Formation 3
Activity 0,Formation 1
Activity 1,Formation 1
Activity 2,Formation 2
Activity 3,Formation 2
Activity 4,Formation 3
