Activity 0,Room 1
Activity 1,Room 1
Activity 2,Room 2
Activity 3,Room 2
Activity 4,Room 3
Activity 0,Room 1
Activity 1,Room 1
Activity 2,Room 2
Activity 3,Room 2
Activity 4,Room 3
Activity 0,Room 1
Activity 1,Room 1
Activity 2,Room 2
Activity 3,Room 2
Activity 4,Room 3
Activity 0,Room 1
Activity 1,Room 1
Activity 2,Room 2
Activity 3,Room 2
Activity 4,Room 3
Activity 0,Room 1
Activity 1,Room 1
Activity 2,Room 2
Activity 3,Room 2
Activity 4,Room 3
Activity 0,Room 1
Activity 1,Room 1
Activity 2,Room 2
Activity 3,Room 2
Activity 4,Room 3
Activity 0,Room 1
Activity 1,Room 1
Activity 2,Room 2
Activity 3,Room 2
Activity 4,Room 3
Activity 0,Room 1
Activity 1,Room 1
Activity 2,Room 2
Activity 3,Room 2
Activity 4,Room 3
Activity 0,Room 1
Activity 1,Room 1
Activity 2,Room 2
Activity 3,Room 2
Activity 4,Room 3
Activity 0,Room 1
Activity 1,Room 1
Activity 2,Room 2
Activity 3,Room 2
Activity 4,Room 3
Activity 0,Room 1
Activity 1,Room 1
Activity 2,Room 2
Activity 3,Room 2
Activity 4,Room 3
Activity 0,Room 1
Activity 1,Room 1
Activity 2,Room 2
Activity 3,Room 2
Activity 4,Room 3
Activity 0,Room 1
Activity 1,Room 1
Activity 2,Room 2
Activity 3,Room 2
Activity 4,Room 3
Activity 0,Room 1
Activity 1,Room 1
Activity 2,Room 2
Activity 3,Room 2
Activity 4,Room 3
Activity 0,Room 1
Activity 1,Room 1
Activity 2,Room 2
Activity 3,Room 2
Activity 4,Room 3
Activity 0,Room 1
Activity 1,Room 1
Activity 2,Room 2
Activity 3,Room 2
Activity 4,Room 3
Activity 0,Room 1
Activity 1,Room 1
Activity 2,Room 2
Activity 3,Room 2
Activity 4,Room 3
Activity 0,Room 1
Activity 1,Room 1
Activity 2,Room 2
Activity 3,Room 2
Activity 4,Room 3
Activity 0,Room 1
Activity 1,Room 1
Activity 2,Room 2
Activity 3,Room 2
Activity 4,Room 3
