Activity 0,Teacher 1
Activity 1,Teacher 1
Activity 2,Teacher 2
Activity 3,Teacher 2
Activity 4,Teacher 3
Activity 0,Teacher 1
Activity 1,Teacher 1
Activity 2,Teacher 2
Activity 3,Teacher 2
Activity 4,Teacher 3
Activity 0,Teacher 1
Activity 1,Teacher 1
Activity 2,Teacher 2
Activity 3,Teacher 2
Activity 4,Teacher 3
Activity 0,Teacher 1
Activity 1,Teacher 1
Activity 2,Teacher 2
Activity 3,Teacher 2
Activity 4,Teacher 3
Activity 0,Teacher 1
Activity 1,Teacher 1
Activity 2,Teacher 2
Activity 3,Teacher 2
Activity 4,Teacher 3
Activity 0,Teacher 1
Activity 1,Teacher 1
Activity 2,Teacher 2
Activity 3,Teacher 2
Activity 4,Teacher 3
Activity 0,Teacher 1
Activity 1,Teacher 1
Activity 2,Teacher 2
Activity 3,Teacher 2
Activity 4,Teacher 3
Activity 0,Teacher 1
Activity 1,Teacher 1
Activity 2,Teacher 2
Activity 3,Teacher 2
Activity 4,Teacher 3
Activity 0,Teacher 1
Activity 1,Teacher 1
Activity 2,Teacher 2
Activity 3,Teacher 2
Activity 4,Teacher 3
Activity 0,Teacher 1
Activity 1,Teacher 1
Activity 2,Teacher 2
Activity 3,Teacher 2
Activity 4,Teacher 3
Activity 0,Teacher 1
Activity 1,Teacher 1
Activity 2,Teacher 2
Activity 3,Teacher 2
Activity 4,Teacher 3
Activity 0,Teacher 1
Activity 1,Teacher 1
Activity 2,Teacher 2
Activity 3,Teacher 2
Activity 4,Teacher 3
Activity 0,Teacher 1
Activity 1,Teacher 1
Activity 2,Teacher 2
Activity 3,Teacher 2
Activity 4,Teacher 3
Activity 0,Teacher 1
Activity 1,Teacher 1
Activity 2,Teacher 2
Activity 3,Teacher 2
Activity 4,Teacher 3
Activity 0,Teacher 1
Activity 1,Teacher 1
Activity 2,Teacher 2
Activity 3,Teacher 2
Activity 4,Teacher 3
Activity 0,Teacher 1
Activity 1,Teacher 1
Activity 2,Teacher 2
Activity 3,Teacher 2
Activity 4,Teacher 3
Activity 0,Teacher 1
Activity 1,Teacher 1
Activity 2,Teacher 2
Activity 3,Teacher 2
Activity 4,Teacher 3
Activity 0,Teacher 1
Activity 1,Teacher 1
Activity 2,Teacher 2
Activity 3,Teacher 2
Activity 4,Teacher 3
Activity 0,Teacher 1
Activity 1,Teacher 1
Activity 2,Teacher 2
Activity 3,Teacher 2
Activity 4,Teacher 3
